"Category","Ordinary retention","Deletion treatment","Possible retained subset","Authority/review"
"Auth/profile","Account life","Remove/anonymize after verified request","Security/audit linkage where required","Account deletion SOP"
"Jobs/applications/contracts","Workflow plus dispute window","Delete/deidentify where no obligation remains","Contract, wage, dispute, fraud evidence","Legal and labor review required"
"Messages","Job context and safety window","Delete ordinary content where allowed","Reported/threat evidence under bounded hold","Safety/legal review"
"Photos/proofs","Workflow-specific","Delete storage objects when no hold","Dispute/safety evidence only","Storage retention job required"
"Reports/incidents","Case life","Not automatically erased with ordinary profile","Minimal evidence, decisions, lawful reports","Restricted trained-adult process"
"Location","Shortest approved workflow window","Delete with associated job/account where allowed","Authorized incident or legal hold only","No background history"
"Rate/security logs","Abuse/security window","Age out by security schedule","Active incident/legal hold","Security owner"
"Support","Ticket life plus review window","Delete ordinary ticket data where allowed","Safety/legal request evidence","Support/privacy owner"
"Account deletion requests","Audit life","Retain request/status record after completion","Fingerprint, timestamps, retention summary","Service-role process"
